epoch,lr,train_loss,train_acc,dev_loss,dev_acc,dev_eer,best_dev_eer
1,0.0001,0.32798352615921583,89.93333333333334,0.4977977549317195,81.81818181818183,100.0,1000000000.0
