epoch,lr,train_loss,train_acc,dev_loss,dev_acc,dev_eer,best_dev_eer
1,0.0001,0.3280020997789171,89.93333333333334,0.49723226766016254,81.81818181818183,100.0,1000000000.0
